<ArrayList>
  <item>
    <id>decd47d2-2b12-46b5-b662-5749ec57801d</id>
    <active>true</active>
    <name>1</name>
    <userName>1</userName>
    <password>1</password>
    <typeUser>USER</typeUser>
  </item>
  <item>
    <id>415eda54-5023-4b32-a1f8-68a34d415d6f</id>
    <active>true</active>
    <name>d</name>
    <userName>d</userName>
    <password>d</password>
    <typeUser>USER</typeUser>
  </item>
  <item>
    <id>d1377890-7255-4fa8-ba1d-887dbaa123b8</id>
    <active>true</active>
    <name>r</name>
    <userName>r</userName>
    <password>r</password>
    <typeUser>USER</typeUser>
  </item>
</ArrayList>
